{"cameraMode":{"drawMode":0,"name":"Shaded","section":"Shading Mode"},"sceneLighting":false,"audioPlay":false,"sceneViewState":{"showFog":true,"showMaterialUpdate":false,"showSkybox":false,"showFlares":true,"showImageEffects":true,"showParticleSystems":true},"in2DMode":false,"pivot":{"x":-0.7322916984558106,"y":-1.9294781684875489,"z":4.401094436645508},"rotation":{"x":-0.2924017310142517,"y":0.05933244898915291,"z":-0.018202057108283044,"w":-0.9543482661247253},"size":3.71994948387146,"orthographic":false}