{"cameraMode":{"drawMode":0,"name":"Shaded","section":"Shading Mode"},"sceneLighting":false,"audioPlay":false,"sceneViewState":{"showFog":true,"showMaterialUpdate":false,"showSkybox":false,"showFlares":true,"showImageEffects":true,"showParticleSystems":true},"in2DMode":false,"pivot":{"x":0.3467578589916229,"y":0.3509944677352905,"z":2.2754623889923097},"rotation":{"x":0.053358204662799838,"y":-0.29388511180877688,"z":0.016310682520270349,"w":0.9544651508331299},"size":0.2309170663356781,"orthographic":false}